id,fscore
10000000074292,0.0
10000000074293,0.0
10000000155735,0.0
10000000155736,0.0
10000000056011,0.225052271431
10000000074298,0.0
10000000056017,0.267587397497
10000000074299,0.0
10000000155945,0.0
10000000155946,0.0
10000000155947,0.0
10000000155948,0.0
10000000155949,0.0
10000000155950,0.0
10000000155951,0.0
10000000155952,0.0
10000000155953,0.0
10000000155954,0.0
10000000074301,0.0
10000000033305,0.333685411297
10000000033306,0.325649873476
10000000033307,0.334954766559
10000000033308,0.338852666635
10000000033309,0.31380236695
10000000033310,0.314169188265
10000000033311,0.255974593092
10000000033312,0.303536417108
10000000033313,0.320524954256
10000000033314,0.318287305639
10000000033315,0.286504025958
10000000033316,0.30846284157
10000000033317,0.286911726185
10000000156198,0.0
10000000033319,0.260950667866
10000000033320,0.274945175439
10000000033321,0.276375737887
10000000033322,0.270212428662
10000000033323,0.293070806513
10000000033324,0.243004239855
10000000033325,0.237093275488
10000000074286,0.0
10000000033327,0.196535570324
10000000033328,0.281780526224
10000000074289,0.0
10000000033330,0.348858281986
10000000033331,0.328020565553
10000000033332,0.34932288308
10000000082485,0.0818517276082
10000000074294,0.0
10000000074296,0.0
10000000074297,0.0
10000000082490,0.126431904964
10000000082491,0.0907372400756
10000000074300,0.0
10000000082493,0.152542372881
10000000074302,0.0
10000000033343,0.243188578227
10000000033344,0.289378493916
10000000033345,0.155702167766
10000000033346,0.238786565547
10000000033347,0.222888555722
10000000033348,0.135927367056
10000000033349,0.273172643543
10000000033350,0.265455351208
10000000033351,0.290681676048
10000000033352,0.323866842204
10000000033353,0.299160671463
10000000033354,0.308797127469
10000000033355,0.322207583077
10000000033356,0.265063356607
10000000033357,0.20698747528
10000000033358,0.260663507109
10000000033359,0.295722078668
10000000033360,0.281785202059
10000000033361,0.17141029741
10000000033362,0.258732569377
10000000033363,0.383853769992
10000000033364,0.383459220264
10000000033365,0.387594053955
10000000033366,0.388950276243
10000000033367,0.392597488434
10000000033368,0.279386218877
10000000033369,0.352316384181
10000000033370,0.32866570095
10000000033371,0.38141726982
10000000033372,0.383722413573
10000000033373,0.363403969055
10000000033374,0.34847042828
10000000033375,0.357792692021
10000000033376,0.307561114269
10000000033377,0.276331130976
10000000033378,0.279189781964
10000000033379,0.277510983958
10000000033380,0.362490149724
10000000033381,0.363686789313
10000000033382,0.391832328866
10000000033383,0.289733140528
10000000033384,0.34838479386
10000000033385,0.346318799142
10000000033386,0.352346383199
10000000033387,0.358123158727
10000000033388,0.343558282209
10000000033389,0.380426504189
10000000033390,0.237831176833
10000000033391,0.313513513514
10000000033392,0.279593432369
10000000033393,0.37275754646
10000000033394,0.349436025977
10000000033395,0.347998212119
10000000033396,0.338728647438
10000000033397,0.31674997094
10000000033398,0.327171021216
10000000033399,0.367185736854
10000000033400,0.307065452969
10000000033401,0.297861760318
10000000033402,0.291818886306
10000000033403,0.308686011761
10000000033404,0.339835381666
10000000033405,0.328153261231
10000000033406,0.331135762504
10000000033407,0.328200654308
10000000033408,0.357258199232
10000000033409,0.293547874874
10000000033410,0.386656305506
10000000033411,0.286883039991
10000000033412,0.338214183175
10000000033413,0.270235573528
10000000033414,0.306629983277
10000000033415,0.275254946396
10000000033416,0.324929971989
10000000033417,0.255591725297
10000000033418,0.259247616054
10000000033419,0.218801721284
10000000033420,0.257103257103
10000000033421,0.190347923681
10000000033422,0.127411167513
10000000033423,0.20556640625
10000000033424,0.220954120064
10000000033425,0.209885561237
10000000033426,0.184989222026
10000000033427,0.247665296974
10000000033428,0.0
10000000033429,0.150733016725
10000000033430,0.217471433837
10000000033431,0.0
10000000033432,0.0
10000000033433,0.228840125392
10000000033434,0.0
10000000033435,0.123024054983
10000000033436,0.232206759443
10000000033437,0.0856147336984
10000000033438,0.12868852459
10000000033439,0.227288309907
10000000033440,0.303460837887
10000000033441,0.273805962708
10000000033442,0.220855937312
10000000033443,0.22074948789
10000000033444,0.307227094043
10000000033445,0.230426813302
10000000033446,0.224215246637
10000000033447,0.263332107392
10000000033448,0.165529010239
10000000033449,0.233866193014
10000000033450,0.210490693739
10000000033451,0.2443344621
10000000033452,0.205691462806
10000000033453,0.258511252164
10000000033454,0.178653012997
10000000033455,0.244781312127
10000000033456,0.120451237263
10000000033457,0.151965065502
10000000033458,0.260205774975
10000000033459,0.174367309032
10000000033460,0.381860196418
10000000033461,0.190559440559
10000000033462,0.237785936176
10000000033463,0.240050536955
10000000131768,0.090780141844
10000000131769,0.0
10000000033467,0.14212034384
10000000033468,0.0
10000000033469,0.0
10000000033470,0.251864601262
10000000033471,0.0
10000000033472,0.0
10000000033474,0.0730994152047
10000000033475,0.076255190638
10000000033476,0.140838948055
10000000033477,0.0929308975377
10000000049862,0.243593276385
10000000049863,0.31043956044
10000000049864,0.303477846594
10000000049865,0.246990291262
10000000049866,0.12864268837
10000000033483,0.0
10000000033484,0.0924901185771
10000000033485,0.0
10000000033486,0.0
10000000033487,0.0
10000000033488,0.276634659351
10000000033489,0.217464034794
10000000033490,0.260115606936
10000000033491,0.334531379596
10000000033492,0.21729807005
10000000033493,0.248587570621
10000000033494,0.19326128417
10000000033495,0.263700041203
10000000033496,0.221412964312
10000000033497,0.215832445864
10000000033498,0.214337287261
10000000033499,0.185592953759
10000000033500,0.231627906977
10000000033501,0.0871886120996
10000000033502,0.131886832589
10000000033503,0.0577518047439
10000000033504,0.0
10000000033505,0.215714805384
10000000033506,0.0
10000000033507,0.0535714285714
10000000033508,0.0715502555366
10000000033509,0.112727272727
10000000033510,0.191925339826
10000000033511,0.266078184111
10000000033512,0.226815338591
10000000033513,0.168877265085
10000000033514,0.0618066561014
10000000033515,0.0998929718159
10000000033516,0.0
10000000033517,0.24009415457
10000000033518,0.0
10000000033519,0.0966875559534
10000000033520,0.198186528497
10000000033521,0.118363327066
10000000033522,0.10741521986
10000000033523,0.177540106952
10000000033524,0.16533748298
10000000033525,0.22662151602
10000000033526,0.221711282641
10000000033527,0.116722104627
10000000033528,0.0
10000000033529,0.159714795009
10000000033530,0.23243387657
10000000033531,0.0675826216116
10000000033532,0.135555555556
10000000033533,0.140946502058
10000000033534,0.0
10000000033535,0.0584666298952
10000000033536,0.0789980732177
10000000033537,0.0
10000000033538,0.115950389386
10000000033539,0.0700960994912
10000000033540,0.125102207686
10000000033541,0.0
10000000033542,0.159762456547
10000000033543,0.183240223464
10000000033544,0.191830985915
10000000033545,0.0
10000000033546,0.0505200594354
10000000033547,0.163457232423
10000000033548,0.206394428617
10000000033549,0.0
10000000033550,0.0
10000000033551,0.0919978225367
10000000033552,0.0934343434343
10000000033553,0.0290007909307
10000000033554,0.0990990990991
10000000033555,0.176346356917
10000000033556,0.163529511967
10000000033557,0.129083665339
10000000033558,0.234956105347
10000000033559,0.160450997398
10000000033560,0.0
10000000033561,0.0739762219287
10000000033562,0.14252304306
10000000033563,0.200827586207
10000000033564,0.0
10000000033565,0.151373395706
10000000033566,0.204022392702
10000000033567,0.101046882112
10000000033568,0.233
10000000043824,0.217328029495
10000000033570,0.23473901504
10000000033571,0.22418047233
10000000033572,0.103837471783
10000000033573,0.243469174504
10000000033574,0.209438202247
10000000150321,0.0
10000000033576,0.186772046589
10000000033577,0.0278372591006
10000000033578,0.0
10000000033579,0.115019011407
10000000033580,0.0880220055014
10000000033581,0.178817056396
10000000033582,0.0423076923077
10000000033583,0.118871725991
10000000033584,0.221971830986
10000000033585,0.208541636909
10000000033586,0.247700797057
10000000033587,0.21308858739
10000000033588,0.0
10000000033589,0.149354770468
10000000033590,0.217654512178
10000000041783,0.406654343808
10000000041784,0.306575231948
10000000041785,0.412336002726
10000000033594,0.0
10000000041787,0.0
10000000033596,0.200692041522
10000000033597,0.211419114605
10000000033598,0.207386363636
10000000033599,0.0
10000000033600,0.219294117647
10000000033601,0.0298266827892
10000000033602,0.205195948921
10000000033603,0.295497780596
10000000033604,0.251988545975
10000000033605,0.265396299365
10000000033606,0.244657788789
10000000033607,0.172547284592
10000000033608,0.192470483404
10000000033609,0.0
10000000033610,0.0419275796352
10000000033611,0.169829923589
10000000033612,0.0
10000000033613,0.240462427746
10000000033614,0.0
10000000033615,0.23861816518
10000000033616,0.218924478401
10000000033617,0.123953098827
10000000033618,0.210104607167
10000000033619,0.179573749736
10000000033620,0.189507494647
10000000033621,0.139911975909
10000000033622,0.124494987281
10000000041815,0.0
10000000033624,0.171733771569
10000000033625,0.0841584158416
10000000033626,0.234719864177
10000000033627,0.231921824104
10000000033628,0.0711513583441
10000000033629,0.20271348763
10000000033630,0.230752261196
10000000041823,0.293679189028
10000000041824,0.0
10000000041825,0.347597597598
10000000033634,0.172095881991
10000000033635,0.209657449443
10000000033636,0.238740708352
10000000033637,0.224436608922
10000000041830,0.0
10000000041831,0.0
10000000041832,0.0
10000000041833,0.0
10000000041834,0.305251227805
10000000041835,0.0
10000000033721,0.3078657476
10000000033722,0.333605428294
10000000033723,0.327292011105
10000000033724,0.33036032822
10000000033725,0.312956555171
10000000033726,0.336709316994
10000000033727,0.297142282149
10000000033728,0.333739259861
10000000033729,0.344258315125
10000000033730,0.321618225303
10000000033731,0.323740664986
10000000033732,0.285730255436
10000000033733,0.319799460671
10000000033734,0.225669957687
10000000033735,0.269145047695
10000000033736,0.262522547523
10000000033737,0.256381423592
10000000033738,0.225948103792
10000000033739,0.332135477495
10000000033740,0.289466806064
10000000033741,0.314593190463
10000000033742,0.319819577941
10000000033743,0.27413821271
10000000033744,0.24896663272
10000000033745,0.276763192412
10000000033746,0.328303008288
10000000033747,0.359557467732
10000000033748,0.356206679269
10000000033749,0.344155844156
10000000033750,0.352427044207
10000000033751,0.339280291527
10000000033752,0.288035082474
10000000033753,0.278497597904
10000000033754,0.319788635832
10000000033755,0.327776314304
10000000033756,0.363768971625
10000000033757,0.330339590641
10000000033758,0.28773418169
10000000033759,0.349122596634
10000000033760,0.335857866864
10000000033761,0.290745399179
10000000033762,0.276193043947
10000000033763,0.117994100295
10000000033764,0.0
10000000033765,0.132417477581
10000000033766,0.27399823294
10000000033767,0.231174996703
10000000033768,0.233548482825
10000000033769,0.192203782323
10000000033770,0.124910007199
10000000033771,0.305990665558
10000000033772,0.333797327394
10000000033773,0.25137342242
10000000033774,0.281849116109
10000000033775,0.250086435404
10000000033776,0.279511309229
10000000033777,0.26635571376
10000000033778,0.350744157094
10000000033779,0.316045508042
10000000033780,0.238481313031
10000000033781,0.364507244641
10000000033782,0.349793358985
10000000033783,0.333171912833
10000000033784,0.367053753143
10000000033785,0.326552901024
10000000033786,0.349334128404
10000000033787,0.35449488301
10000000033788,0.288805031447
10000000033789,0.161180068358
10000000033790,0.292563103507
10000000033791,0.32843405909
10000000033792,0.343892792689
10000000033793,0.351054187192
10000000033794,0.34861179563
10000000033795,0.291083753031
10000000033796,0.227094303494
10000000033797,0.259042768679
10000000033798,0.247440456946
10000000033799,0.282548148148
10000000033800,0.312105116019
10000000033801,0.316853039678
10000000033802,0.361567877629
10000000033803,0.361025187804
10000000033804,0.359895368126
10000000033805,0.338504812552
10000000033806,0.221824152859
10000000033807,0.238187882157
10000000033808,0.269270298047
10000000033809,0.366424381535
10000000033810,0.333297386678
10000000033811,0.333784095782
10000000033812,0.338639175258
10000000033813,0.251319598161
10000000033814,0.291573348264
10000000033815,0.33221172512
10000000033816,0.298412698413
10000000033817,0.406964091404
10000000033818,0.280382137303
10000000033819,0.228830990744
10000000033820,0.149898717083
10000000033821,0.288048151333
10000000033822,0.335111040357
10000000033823,0.357372137813
10000000033824,0.332236441194
10000000033825,0.333915511407
10000000033826,0.269368702681
10000000033827,0.284827975183
10000000033828,0.313875199556
10000000033829,0.317549151434
10000000033830,0.297913210513
10000000033831,0.228234780711
10000000033832,0.277880125102
10000000033833,0.240628694624
10000000033834,0.0
10000000033835,0.24265562314
10000000033836,0.329926886009
10000000033837,0.316627773456
10000000033838,0.259424804732
10000000033839,0.294032287321
10000000033840,0.333984506568
10000000033841,0.305383124774
10000000033842,0.310813232501
10000000033843,0.339519293656
10000000033844,0.339688315798
10000000033845,0.291412103746
10000000033846,0.271263520157
10000000033847,0.318415498674
10000000033848,0.35237527669
10000000033849,0.340777087923
10000000033850,0.341021075732
10000000033851,0.344322665498
10000000033852,0.141486420556
10000000033853,0.31577671374
10000000033854,0.312458002957
10000000033855,0.334334710227
10000000033856,0.334334710227
10000000033857,0.322196979821
10000000033858,0.332691999359
10000000132163,0.0
10000000132164,0.0
10000000033861,0.325228676413
10000000033862,0.316473759315
10000000033863,0.278755965114
10000000033864,0.354221237155
10000000033865,0.37582441345
10000000033866,0.356039963669
10000000033867,0.346561647985
10000000033868,0.158082280531
10000000033869,0.297194089324
10000000033870,0.0
10000000033871,0.295915279879
10000000033872,0.387585963675
10000000033873,0.202916930881
10000000033874,0.30197697154
10000000033875,0.350668286756
10000000033876,0.350162385592
10000000033877,0.37436762226
10000000033878,0.237539766702
10000000033879,0.386685552408
10000000033880,0.320223411683
10000000033881,0.333091261196
10000000033882,0.314448027023
10000000033883,0.226388397595
10000000033884,0.288592176154
10000000033885,0.280701754386
10000000033886,0.170536733917
10000000033887,0.0
10000000033888,0.0
10000000033889,0.0
10000000033890,0.291433146517
10000000033891,0.0
10000000033892,0.0
10000000033893,0.0
10000000033894,0.178202068417
10000000033895,0.292865147553
10000000033896,0.242014677155
10000000033897,0.25666828978
10000000033898,0.244107849915
10000000033899,0.260595588983
10000000033900,0.251370998597
10000000042093,0.292837757027
10000000042094,0.361926547211
10000000042095,0.313692800421
10000000033904,0.258051846033
10000000042097,0.211356294147
10000000033906,0.224031516743
10000000033907,0.287669854051
10000000033908,0.187113324279
10000000033909,0.280908022067
10000000033910,0.288453283732
10000000042103,0.266199649737
10000000042104,0.282482223659
10000000033913,0.0
10000000042106,0.209584664537
10000000042107,0.0
10000000042108,0.154099130843
10000000042109,0.0
10000000042110,0.311148791861
10000000042111,0.251583710407
10000000042112,0.326984610696
10000000042113,0.29308684768
10000000042114,0.306805074971
10000000042115,0.0
10000000042116,0.0
10000000042117,0.215894155787
10000000042118,0.26780021254
10000000042119,0.240848214286
10000000033928,0.23452126786
10000000033929,0.137137989779
10000000042122,0.23841749089
10000000042123,0.352557673019
10000000042124,0.279970215934
10000000042125,0.395613322502
10000000042126,0.277319587629
10000000042127,0.28763866878
10000000042128,0.259767248545
10000000033937,0.248417417993
10000000042130,0.0
10000000042131,0.369740571179
10000000042132,0.336907644414
10000000042133,0.380171740827
10000000042134,0.284606205251
10000000042135,0.255619142407
10000000042136,0.212975871314
10000000042137,0.252286494833
10000000042138,0.22432901589
10000000042139,0.24302840761
10000000042140,0.246920415225
10000000042141,0.135917683656
10000000042142,0.329597343296
10000000042143,0.252082578776
10000000042144,0.16849199663
10000000033963,0.226387176326
10000000033964,0.225689733152
10000000033965,0.175964718853
10000000033966,0.198606271777
10000000033967,0.0
10000000033968,0.152732060566
10000000033969,0.0
10000000033970,0.239249725631
10000000033971,0.192007680307
10000000033972,0.210406504065
10000000033973,0.132930513595
10000000033974,0.204876504117
10000000033975,0.215715566179
10000000033976,0.0
10000000033977,0.212487555113
10000000033978,0.232247940369
10000000033979,0.16327314637
10000000033980,0.359928815067
10000000033981,0.358955334619
10000000033982,0.362995198079
10000000033983,0.309447852761
10000000033985,0.310227701598
10000000033986,0.355460385439
10000000033987,0.353554962388
10000000033988,0.333532270441
10000000033989,0.335488505747
10000000033990,0.359620418848
10000000033991,0.387015442799
10000000033992,0.313210273928
10000000033993,0.316449531231
10000000033994,0.295259851513
10000000033995,0.314331041777
10000000033996,0.226462811817
10000000033997,0.263626137642
10000000033998,0.227251071939
10000000033999,0.288516068053
10000000034000,0.21789060139
10000000034001,0.302429881518
10000000034002,0.2548442102
10000000034003,0.311378388698
10000000034004,0.218470121862
10000000034005,0.348880597015
10000000034006,0.299134165964
10000000034007,0.220287198289
10000000034008,0.166039628794
10000000034009,0.259361506335
10000000034010,0.27966984534
10000000034011,0.313508000255
10000000034012,0.315135204409
10000000034013,0.194254880178
10000000034014,0.252432741843
10000000034015,0.26786342837
10000000034016,0.297369356559
10000000034017,0.287854056649
10000000034018,0.229348441926
10000000034019,0.291832960187
10000000034020,0.155677655678
10000000034021,0.322705094746
10000000083176,0.0
10000000083177,0.0
10000000083178,0.0
10000000083179,0.0826594788859
10000000083180,0.0602218700475
10000000083181,0.0
10000000083182,0.128809660725
10000000083183,0.0
10000000083184,0.0
10000000083185,0.0
10000000083186,0.0
10000000083187,0.0
10000000083188,0.0882070949185
10000000067116,0.173751163512
10000000067117,0.116091954023
10000000067118,0.0615148019992
10000000067119,0.0688695652174
10000000067120,0.155639571519
10000000155352,0.0
10000000155353,0.0
10000000082489,0.0826873385013
10000000067057,0.177466433158
10000000067058,0.0
10000000067059,0.0
10000000067060,0.171276998863
10000000067061,0.0
10000000067062,0.131394182548
10000000067063,0.0
10000000067064,0.0
10000000067065,0.1616756393
10000000067066,0.150367892977
10000000067067,0.16361679225
10000000067068,0.2
10000000067069,0.183908045977
10000000067070,0.333621434745
10000000067071,0.173812816966
10000000067072,0.0
10000000067073,0.221317730857
10000000067074,0.0
10000000067075,0.209178228388
10000000067076,0.0
10000000067077,0.122239342578
10000000067078,0.0
10000000067079,0.0
10000000067080,0.111964873765
10000000067081,0.0
10000000067082,0.0
10000000067083,0.102941176471
10000000067084,0.129032258065
10000000067085,0.0
10000000067086,0.1795761079
10000000067087,0.246323529412
10000000067088,0.165579014715
10000000067089,0.191326530612
10000000067090,0.117552334944
10000000067091,0.0950915525465
10000000067092,0.104964539007
10000000067093,0.0
10000000067094,0.0
10000000067095,0.138845553822
10000000067096,0.12143474503
10000000067097,0.0
10000000067098,0.140430654006
10000000067099,0.112352239453
10000000067100,0.125
10000000067101,0.0
10000000067102,0.127032520325
10000000067103,0.0
10000000067104,0.151442307692
10000000067105,0.0934695140823
10000000067106,0.0282392026578
10000000067107,0.172721041809
10000000067108,0.126294188975
10000000067109,0.0973236009732
10000000067110,0.146371976647
10000000067111,0.115990613476
10000000067112,0.0665099093047
10000000067113,0.173339399454
10000000067114,0.0814132104455
10000000067115,0.122569737954
10000000058924,0.0
10000000058925,0.0
10000000058926,0.0
10000000058927,0.225352112676
10000000058928,0.225352112676
10000000058929,0.225352112676
10000000058931,0.225352112676
10000000058932,0.225352112676
10000000058933,0.225352112676
10000000058934,0.225352112676
10000000058935,0.0
10000000067146,0.176327664006
10000000067147,0.152636750737
10000000108188,0.0
10000000108189,0.0
10000000108190,0.147820593809
10000000063089,0.118993135011
10000000157473,0.73417721519
10000000063119,0.0
10000000034654,0.367551813472
10000000034655,0.221425498351
10000000034656,0.315449143656
10000000034657,0.311235400559
10000000034658,0.356302821625
10000000034659,0.292117596932
10000000034660,0.0
10000000034661,0.336109458656
10000000034662,0.339319470699
10000000034663,0.314630244863
10000000034664,0.285851503218
10000000034665,0.0
10000000034666,0.34422724496
10000000034667,0.343938353552
10000000034668,0.354023705552
10000000034669,0.362822664429
10000000034670,0.370824144409
10000000034671,0.324084350721
10000000034672,0.287825356843
10000000034673,0.271438752079
10000000034674,0.318765110656
10000000034675,0.276228847703
10000000034676,0.0
10000000034677,0.240316389438
10000000034678,0.194795155888
10000000034679,0.196159833939
10000000034680,0.280960577002
10000000034681,0.290192926045
10000000034682,0.297149912542
10000000034683,0.142720763723
10000000034684,0.0
10000000034685,0.0
10000000034686,0.0
10000000034687,0.0
10000000082492,0.0
10000000075716,0.0851805728518
10000000075717,0.2065581618
10000000075718,0.0374100719424
10000000075719,0.16946228314
10000000075720,0.130637636081
10000000075721,0.0867492850334
10000000075722,0.0
10000000075723,0.168738898757
10000000075724,0.091572327044
10000000075725,0.147132739319
10000000075726,0.144313411953
10000000075727,0.11376146789
10000000075728,0.147372700478
10000000075729,0.181205999388
10000000075730,0.0
10000000075731,0.0
10000000075732,0.0
10000000075733,0.0
10000000075735,0.0
10000000075736,0.0
10000000075738,0.0
10000000075739,0.223964808262
10000000075740,0.202984338389
10000000075741,0.212305986696
10000000075742,0.21380767876
10000000075743,0.194162436548
10000000075744,0.272727272727
10000000075745,0.16637647514
10000000075746,0.215036885889
10000000075747,0.195300261097
10000000075748,0.180266666667
10000000075749,0.0
10000000075750,0.153115395362
10000000075751,0.308013355593
10000000045989,0.17926296065
10000000075791,0.166770379589
10000000075792,0.209988317757
10000000075793,0.0
10000000075794,0.149433962264
10000000075795,0.183503243744
10000000075796,0.151021054298
10000000075797,0.0
10000000075798,0.0865758754864
10000000075799,0.177897574124
10000000075800,0.196696696697
10000000075801,0.127865961199
10000000075802,0.256756756757
10000000075803,0.181818181818
10000000075804,0.0
10000000075805,0.252961672474
10000000075806,0.17247706422
10000000075807,0.0
10000000075808,0.199872692553
10000000075809,0.0
10000000075810,0.236538461538
10000000075811,0.0
10000000075812,0.0
10000000075813,0.23293768546
10000000075814,0.219713417282
10000000075815,0.0923361034164
10000000075816,0.0684523809524
10000000075817,0.0
10000000075818,0.0
10000000075819,0.0
10000000075820,0.21431596781
10000000075821,0.191219512195
10000000075822,0.0
10000000075823,0.14966442953
10000000075824,0.0
10000000075825,0.209039548023
10000000075826,0.0
10000000075827,0.0
10000000075828,0.19589977221
10000000075829,0.163592622294
10000000075830,0.116724738676
10000000075831,0.118567311651
10000000075832,0.30985915493
10000000075833,0.111470860315
10000000075834,0.326509723644
10000000075835,0.256051640667
10000000075836,0.165384615385
10000000075837,0.234663090848
10000000075838,0.183804627249
10000000075839,0.165467625899
10000000075840,0.238986119493
10000000075842,0.0
10000000075844,0.0
10000000075845,0.0
10000000075846,0.0
10000000075847,0.0
10000000075849,0.0
10000000075850,0.0
10000000075851,0.0
10000000075853,0.0
10000000075854,0.0
10000000075855,0.0
10000000075856,0.0
10000000075857,0.0
10000000075858,0.0
10000000075859,0.0
10000000075860,0.0
10000000075861,0.0
10000000075862,0.0
10000000075863,0.0
10000000075864,0.0
10000000075865,0.0
10000000075866,0.0
10000000075867,0.0
10000000075868,0.0
10000000075869,0.0
10000000075870,0.0
10000000075871,0.0
10000000075872,0.0
10000000075873,0.0
10000000075874,0.0
10000000075875,0.0
10000000075876,0.0
10000000075877,0.0
10000000045995,0.185309649544
10000000043219,0.267185069984
10000000043220,0.268713729523
10000000043221,0.257270926717
10000000043222,0.240839440373
10000000043223,0.266130938312
10000000043224,0.0
10000000043225,0.0687960687961
10000000043226,0.197097020626
10000000043227,0.0
10000000043228,0.0722082283795
10000000043229,0.296216743959
10000000043230,0.285442222596
10000000043231,0.268105601142
10000000043232,0.174339300938
10000000043233,0.0
10000000043234,0.211018499695
10000000043235,0.0
10000000043236,0.29199072179
10000000043237,0.208970438328
10000000043238,0.284488920658
10000000043239,0.250031826862
10000000043240,0.0536446828653
10000000043241,0.0
10000000043242,0.0
10000000043243,0.100642398287
10000000043244,0.121368038741
10000000043245,0.0
10000000043246,0.0
10000000043247,0.0
10000000043248,0.0
10000000043249,0.228757674524
10000000043250,0.251639775937
10000000043251,0.235294117647
10000000043252,0.0845834086391
10000000043253,0.0
10000000043254,0.0
10000000043255,0.215361999265
10000000043256,0.271122562781
10000000043257,0.137387387387
10000000043258,0.208141167034
10000000043259,0.188385551786
10000000043260,0.105708245243
10000000043261,0.129697862933
10000000043262,0.261012715713
10000000043263,0.221558735715
10000000043264,0.264448495898
10000000043265,0.094567846932
10000000043266,0.266770065917
10000000043267,0.0996488147498
10000000043268,0.0942319881682
10000000043269,0.169288986258
10000000043270,0.270768316243
10000000043271,0.0907164052565
10000000043272,0.202022075874
10000000043273,0.253457499505
10000000043274,0.0
10000000043275,0.0
10000000043276,0.24486770073
10000000043277,0.0
10000000043278,0.116314661769
10000000043279,0.198603271788
10000000043280,0.0
10000000043281,0.0897150939584
10000000043282,0.171633904037
10000000043283,0.228025810952
10000000043284,0.125448886761
10000000043285,0.0
10000000043286,0.0
10000000043287,0.0
10000000043288,0.157156959526
10000000043289,0.0881660603467
10000000043290,0.111699566683
10000000043291,0.0
10000000043292,0.0847983453981
10000000043293,0.22106613455
10000000043294,0.253363723256
10000000043295,0.231201579827
10000000043296,0.266428687328
10000000043297,0.264711319243
10000000043298,0.270792061377
10000000043299,0.0
10000000043300,0.0
10000000043301,0.0
10000000043302,0.237019421324
10000000043303,0.228106727603
10000000043304,0.184827888621
10000000043305,0.25488997555
10000000084293,0.0
10000000084294,0.0
10000000084295,0.0
10000000084296,0.0
10000000084297,0.0
10000000084298,0.0
10000000084300,0.0
10000000084301,0.0
10000000084315,0.115856651939
10000000084316,0.0
10000000084317,0.141592920354
10000000084318,0.0
10000000084319,0.182140745121
10000000084320,0.0
10000000084321,0.164650339333
10000000084322,0.0
10000000084323,0.16468151217
10000000084324,0.0
10000000084325,0.12987012987
10000000084326,0.152187698161
10000000084327,0.157361874458
10000000084328,0.0
10000000084329,0.134468085106
10000000084330,0.0
10000000084331,0.0
10000000084332,0.0
10000000084333,0.130867709815
10000000084334,0.157068062827
10000000084335,0.0
10000000084336,0.108658743633
10000000084337,0.132457580733
10000000084338,0.0
10000000068035,0.0
10000000068036,0.0
10000000068037,0.0
10000000068038,0.0
10000000068039,0.0
10000000068040,0.0
10000000068041,0.0
10000000068042,0.0
10000000068043,0.0
10000000068044,0.0
10000000068045,0.0
10000000068046,0.211148315935
10000000068047,0.162695152013
10000000068048,0.195533498759
10000000068049,0.214936247723
10000000068050,0.0643372157515
10000000068051,0.137474541752
10000000068052,0.241610738255
10000000068053,0.164596273292
10000000068054,0.169295478444
10000000068055,0.261933904529
10000000068056,0.30849549122
10000000068057,0.238310708899
10000000068058,0.0
10000000043826,0.0
10000000043828,0.157854237661
10000000046013,0.165987450676
10000000117489,0.0855441256091
10000000117490,0.201530612245
10000000117491,0.0381154049762
10000000117492,0.0
10000000089217,0.259346900142
10000000043789,0.132954141486
10000000043790,0.12323699422
10000000043791,0.0
10000000043792,0.0
10000000043793,0.0
10000000043794,0.107627242234
10000000043795,0.0
10000000043796,0.0
10000000043797,0.107976653696
10000000043798,0.0846515604959
10000000043799,0.0
10000000043800,0.0760076775432
10000000043801,0.0
10000000043802,0.101330603889
10000000043803,0.0
10000000043819,0.138253638254
10000000043820,0.213838120104
10000000043821,0.129818181818
10000000043822,0.171594202899
10000000043823,0.110481586402
10000000150320,0.0
10000000043825,0.0
10000000150322,0.0
10000000043827,0.0
10000000043829,0.147461091023
10000000043830,0.0770807708077
10000000117561,0.0
10000000043846,0.0914552736983
10000000043847,0.0
10000000043848,0.0
10000000043849,0.0937403638606
10000000043850,0.124194241513
10000000043851,0.0
10000000043852,0.0
10000000043853,0.0966794669076
10000000043854,0.0
10000000043855,0.0809156241682
10000000043856,0.0
10000000043857,0.0
10000000043869,0.0
10000000043870,0.0
10000000043871,0.0
10000000043872,0.0
10000000043873,0.0
10000000043874,0.0
10000000043875,0.0
10000000043876,0.0
10000000043877,0.0
10000000043878,0.0
10000000043879,0.0
10000000043880,0.0
10000000043881,0.0
10000000043882,0.0
10000000043883,0.0
10000000046001,0.102533883324
10000000052267,0.0
10000000052268,0.118957628804
10000000052269,0.0
10000000074276,0.0
10000000156197,0.0
10000000033318,0.289319459395
10000000074279,0.0
10000000074280,0.0
10000000074282,0.0
10000000074283,0.0
10000000074284,0.0
10000000085261,0.0
10000000085262,0.0
10000000074285,0.0
10000000085264,0.0
10000000085265,0.0
10000000085266,0.0
10000000085267,0.0
10000000085268,0.0
10000000033326,0.271002400274
10000000085270,0.0
10000000085271,0.0
10000000085272,0.0
10000000085273,0.0
10000000085274,0.0
10000000085275,0.0
10000000085276,0.0
10000000085277,0.0
10000000085278,0.0
10000000085279,0.0
10000000085280,0.0
10000000085281,0.0
10000000085282,0.0
10000000085283,0.0
10000000085284,0.0
10000000085285,0.0
10000000085286,0.0
10000000033329,0.339662447257
10000000142632,0.0
10000000142633,0.0
10000000142634,0.104129263914
10000000074290,0.0
10000000074291,0.0
10000000082484,0.119646799117
10000000033333,0.356762158561
10000000082486,0.0
10000000150315,0.0
10000000082487,0.0
10000000082488,0.0641430073607
10000000033337,0.270827823327
10000000033338,0.337291116974
10000000033339,0.330350610614
10000000033340,0.314165666267
10000000044395,0.145498783455
10000000044396,0.114183024606
10000000044397,0.195808847988
10000000044398,0.1103117506
10000000044399,0.0
10000000044400,0.189022281508
10000000044401,0.0
10000000044402,0.0
10000000044403,0.0473751600512
10000000044404,0.0
10000000044405,0.0
10000000044406,0.106407587324
10000000044407,0.0973751058425
10000000044408,0.0473639695517
10000000044409,0.108987161198
10000000044410,0.0980079681275
10000000044411,0.0904811715481
10000000044412,0.0
10000000044413,0.0943236373906
10000000044414,0.0
10000000044415,0.0
10000000044416,0.0
10000000044417,0.0
10000000044418,0.0965517241379
10000000044419,0.0
10000000044420,0.0
10000000044421,0.0
10000000044422,0.0
10000000044423,0.136182202395
10000000044424,0.195339523029
10000000044425,0.0838658146965
10000000044426,0.196377696378
10000000044427,0.154119547658
10000000044428,0.0892770499757
10000000044429,0.0
10000000044430,0.0
10000000044431,0.108368452739
10000000044432,0.0
10000000044433,0.0
10000000044434,0.103196576894
10000000044435,0.0
10000000044436,0.0
10000000044437,0.28149370126
10000000044438,0.129032258065
10000000044439,0.27940007946
10000000044440,0.247474747475
10000000044441,0.269033799932
10000000044442,0.279238155202
10000000044443,0.241090520314
10000000044444,0.225436921721
10000000044445,0.0
10000000044446,0.171806167401
10000000044447,0.228110981891
10000000044448,0.182451110884
10000000044449,0.228932049399
10000000044450,0.100888506735
10000000044451,0.127841668895
10000000044452,0.114793467819
10000000044453,0.249621302719
10000000044454,0.0
10000000044455,0.0
10000000044456,0.0
10000000044457,0.0
10000000044458,0.0873665922065
10000000044459,0.0
10000000044460,0.0
10000000044461,0.0
10000000044462,0.225723969792
10000000044463,0.0
10000000044464,0.262614114689
10000000044465,0.205051583067
10000000044466,0.237986656532
10000000044467,0.122219506233
10000000044468,0.0
10000000044469,0.0
10000000044470,0.100046533271
10000000044471,0.0
10000000044472,0.0
10000000044473,0.0
10000000044474,0.0
10000000044475,0.27724642815
10000000044476,0.278549969958
10000000044478,0.132756132756
10000000044479,0.0
10000000044480,0.13804225125
10000000044481,0.147712833545
10000000044482,0.153078202995
10000000044483,0.261916381975
10000000044484,0.255490256727
10000000150316,0.0472744814279
10000000073321,0.16878767582
10000000085263,0.0
10000000073322,0.0864606328182
10000000085269,0.0
10000000073323,0.0742073307848
10000000073324,0.181506849315
10000000057230,0.180829367777
10000000041819,0.338076757223
10000000057231,0.146639511202
10000000085287,0.0
10000000085288,0.0
10000000085289,0.0
10000000085290,0.0
10000000085291,0.0
10000000073328,0.17345971564
10000000064815,0.0
10000000117519,0.0
10000000064821,0.0
10000000064851,0.0
10000000053251,0.35099474281
10000000053252,0.316734867407
10000000053253,0.310167310167
10000000053254,0.350146400751
10000000053255,0.327110260093
10000000053256,0.347989276139
10000000053257,0.217411545624
10000000053258,0.29842418759
10000000053259,0.344612431006
10000000053260,0.34766133807
10000000053261,0.30163278907
10000000053262,0.305389725048
10000000053263,0.289540711527
10000000053264,0.233206873466
10000000064857,0.0572226099093
10000000033632,0.0
10000000131767,0.0
10000000033464,0.203176704169
10000000033465,0.101438304315
10000000033466,0.124767225326
10000000033478,0.0832632464256
10000000033479,0.131337518107
10000000033480,0.116974169742
10000000033481,0.0869888475836
10000000033482,0.0
10000000049867,0.0
10000000049868,0.255116171719
10000000049869,0.294090489381
10000000049870,0.0
10000000049871,0.215421115065
10000000049872,0.0
10000000093567,0.0
10000000093568,0.0
10000000093569,0.0
10000000093572,0.0
10000000093573,0.0
10000000093578,0.0
10000000093579,0.0
10000000093582,0.0
10000000093583,0.0
10000000093584,0.0
10000000093586,0.0
10000000093588,0.0
10000000093589,0.0
10000000093591,0.0
10000000041820,0.257788071801
10000000094694,0.248531829927
10000000094695,0.270825948245
10000000094696,0.204851752022
10000000094697,0.0726538849647
10000000094698,0.219433719434
10000000094699,0.16877152698
10000000094700,0.0
10000000094701,0.163742690058
10000000094702,0.232606010704
10000000094703,0.225317085302
10000000041734,0.1986834231
10000000041735,0.23709902371
10000000041736,0.171399070728
10000000041737,0.271887698559
10000000130639,0.0
10000000041738,0.221932114883
10000000041739,0.220886795517
10000000041740,0.25289514867
10000000041741,0.0
10000000041742,0.264918032787
10000000130640,0.0
10000000041743,0.0
10000000041744,0.258229466283
10000000041745,0.303598935723
10000000041746,0.0
10000000044477,0.237973125449
10000000130642,0.0
10000000130643,0.0
10000000033569,0.0537096040055
10000000130644,0.0
10000000033575,0.186844958439
10000000130645,0.0
10000000062203,0.0
10000000130647,0.0
10000000078663,0.0
10000000078664,0.0
10000000078665,0.0
10000000078666,0.0
10000000078667,0.0
10000000078668,0.0
10000000078669,0.0
10000000078670,0.0
10000000078671,0.0
10000000078672,0.0
10000000078673,0.0
10000000078674,0.0
10000000078675,0.0
10000000078676,0.0
10000000078677,0.0
10000000078678,0.0
10000000033593,0.188485515218
10000000078680,0.0
10000000078681,0.0
10000000078682,0.0
10000000078683,0.0
10000000078684,0.0
10000000078685,0.0
10000000078686,0.0
10000000078687,0.0
10000000078688,0.0
10000000078689,0.0
10000000078690,0.0
10000000078691,0.0
10000000078692,0.0
10000000078693,0.0
10000000078694,0.0
10000000078695,0.0
10000000078696,0.0
10000000078697,0.0
10000000078698,0.0
10000000078699,0.0
10000000078700,0.0
10000000078701,0.0
10000000078702,0.0
10000000078703,0.0
10000000078704,0.0
10000000078705,0.0
10000000078706,0.0
10000000078707,0.0
10000000078708,0.0
10000000041790,0.417673455299
10000000078710,0.0
10000000078711,0.0
10000000078713,0.0
10000000078714,0.0
10000000041791,0.421749738585
10000000078717,0.0
10000000078718,0.0
10000000078719,0.0
10000000078720,0.0
10000000041792,0.406654343808
10000000078722,0.0
10000000078723,0.0
10000000078724,0.0
10000000078725,0.0
10000000078726,0.0
10000000041793,0.426131361155
10000000078728,0.0
10000000041794,0.36018957346
10000000041795,0.253697893321
10000000041796,0.414280401636
10000000041797,0.365194462755
10000000045988,0.196539093091
10000000041798,0.365194462755
10000000045990,0.0
10000000045991,0.0
10000000045992,0.143456962911
10000000045993,0.131083869402
10000000045994,0.0310039370079
10000000041799,0.0
10000000045996,0.0551096843232
10000000045997,0.194771143906
10000000045998,0.112906796546
10000000045999,0.113477851084
10000000046000,0.0
10000000041800,0.0
10000000046002,0.234717939416
10000000046003,0.257721872816
10000000046004,0.245719329214
10000000046005,0.244233378562
10000000046006,0.233805045267
10000000041801,0.397512556805
10000000046008,0.211794991809
10000000046009,0.215372809822
10000000046010,0.24805254315
10000000046011,0.233911423248
10000000046012,0.238097278766
10000000041802,0.365355023082
10000000046014,0.161492338441
10000000046015,0.172903742245
10000000046016,0.143621515066
10000000046017,0.0
10000000046018,0.0788518070206
10000000041803,0.371479660259
10000000046020,0.0
10000000046021,0.0
10000000046022,0.149907799111
10000000046023,0.0927490666143
10000000046024,0.0795954982874
10000000041804,0.380059455751
10000000046026,0.0
10000000046027,0.0
10000000046028,0.0587275693312
10000000046029,0.0
10000000046030,0.0
10000000041805,0.0
10000000046032,0.0
10000000046033,0.0
10000000046034,0.0335254059717
10000000046035,0.0
10000000046036,0.0
10000000041806,0.430326543809
10000000037846,0.319194700163
10000000037847,0.328035170781
10000000046040,0.0213317959066
10000000046041,0.0
10000000046042,0.0898192197907
10000000041807,0.430326543809
10000000046044,0.0
10000000046045,0.246920786878
10000000046046,0.265422696116
10000000046047,0.240377286585
10000000046048,0.229590415157
10000000041808,0.391161259991
10000000046050,0.194106875312
10000000046051,0.180423900309
10000000046052,0.0
10000000046053,0.25606150207
10000000046054,0.265266074108
10000000041809,0.368334022323
10000000046056,0.252035864111
10000000046057,0.0630088495575
10000000046058,0.0979938271605
10000000046059,0.0
10000000046060,0.0428545487561
10000000046061,0.152016129032
10000000046062,0.124391563007
10000000046063,0.0
10000000046064,0.282952760662
10000000046065,0.0
10000000046066,0.00757038088479
10000000046067,0.281496906964
10000000046068,0.252935702575
10000000046069,0.197402597403
10000000046070,0.221125730994
10000000046071,0.218838965218
10000000046072,0.21851512374
10000000041812,0.403003148462
10000000046074,0.0
10000000046075,0.0937198067633
10000000046076,0.0
10000000046077,0.195282173783
10000000046078,0.176157530601
10000000046079,0.0
10000000041814,0.443075898802
10000000033623,0.0424055512722
10000000041816,0.363786688714
10000000046103,0.0
10000000046104,0.145688073394
10000000046105,0.0
10000000046106,0.0
10000000046107,0.0
10000000046108,0.0
10000000046109,0.0
10000000046110,0.0
10000000046111,0.0
10000000046112,0.0
10000000046113,0.0
10000000046114,0.0
10000000046115,0.0
10000000046116,0.0
10000000046117,0.0
10000000046118,0.0
10000000046119,0.0
10000000046120,0.237888904674
10000000046121,0.245524098023
10000000046122,0.0
10000000046123,0.0
10000000046124,0.0
10000000046125,0.0
10000000046126,0.0
10000000046127,0.0
10000000046128,0.0
10000000046129,0.0
10000000046130,0.121212121212
10000000078679,0.0
10000000041822,0.356702619414
10000000033631,0.246318114875
10000000046141,0.0
10000000046142,0.0
10000000046143,0.0
10000000046144,0.0
10000000046145,0.0
10000000046146,0.0
10000000046147,0.0
10000000046148,0.0
10000000046149,0.0
10000000078918,0.0
10000000033633,0.0
10000000078920,0.0
10000000041826,0.340689950718
10000000046163,0.0
10000000046164,0.174268209666
10000000046165,0.231052431129
10000000046166,0.194609929078
10000000046167,0.18923811091
10000000046168,0.0
10000000046169,0.0
10000000046170,0.0
10000000046171,0.0
10000000078940,0.19668100799
10000000078941,0.0
10000000078942,0.0
10000000041829,0.0
10000000078944,0.0
10000000078945,0.0940841054882
10000000078946,0.0
10000000078947,0.0
10000000078948,0.0
10000000078949,0.0
10000000078950,0.159147869674
10000000078951,0.153362664991
10000000078952,0.0
10000000078953,0.0
10000000078954,0.0
10000000078955,0.0
10000000078957,0.115234375
10000000078958,0.0
10000000078959,0.0
10000000078960,0.108027750248
10000000078961,0.0
10000000078962,0.115673799884
10000000078963,0.121399176955
10000000078964,0.0
10000000078965,0.0
10000000078966,0.0
10000000078967,0.132180986274
10000000078968,0.0
10000000078969,0.0
10000000078970,0.0
10000000078971,0.166256157635
10000000078972,0.132248219736
10000000078973,0.0
10000000078974,0.162917933131
10000000078975,0.0
10000000078976,0.132180986274
10000000078978,0.0
10000000078979,0.0
10000000078980,0.0
10000000078981,0.0
10000000078982,0.0
10000000078983,0.0
10000000078984,0.0
10000000078985,0.0
10000000078986,0.0
10000000078987,0.0
10000000078988,0.0
10000000078989,0.0
10000000078990,0.0
10000000078991,0.0
10000000078992,0.0
10000000078996,0.0
10000000078997,0.0
10000000078998,0.0
10000000078999,0.0
10000000079000,0.0
10000000079001,0.0
10000000079002,0.0
10000000079003,0.0
10000000079004,0.0
10000000079005,0.0
10000000079006,0.0
10000000079007,0.0
10000000079008,0.0
10000000079009,0.0
10000000079010,0.0
10000000079011,0.0
10000000079012,0.0
10000000079013,0.0
10000000079014,0.0
10000000079015,0.0
10000000079016,0.0
10000000079018,0.0
10000000079019,0.0
10000000079020,0.0
10000000079021,0.0
10000000079023,0.0
10000000079024,0.0
10000000079025,0.0
10000000078709,0.0
10000000078715,0.0
10000000078721,0.0
10000000074277,0.0
10000000130664,0.0
10000000078727,0.0
10000000062871,0.109361329834
10000000062872,0.0
10000000062873,0.0
10000000062874,0.105037513398
10000000062875,0.021616947687
10000000062876,0.0618181818182
10000000062877,0.0911270983213
10000000062878,0.0
10000000062879,0.0
10000000062880,0.0
10000000062881,0.348474260424
10000000062882,0.348474260424
10000000062883,0.427929662431
10000000062884,0.348346016462
10000000062885,0.332739262164
10000000062886,0.348346016462
10000000062887,0.377358490566
10000000062888,0.320867407884
10000000062889,0.319454198856
10000000062890,0.28880076576
10000000062891,0.0
10000000062892,0.0
10000000062893,0.0
10000000062894,0.0
10000000062895,0.12746585736
10000000062896,0.0
10000000062897,0.108985507246
10000000062898,0.10450250139
10000000062899,0.0
10000000062900,0.111980734497
10000000062901,0.105263157895
10000000062902,0.189996122528
10000000062903,0.0
10000000062904,0.0
10000000062905,0.0
10000000062906,0.0
10000000062907,0.0930760499432
10000000062908,0.0
10000000062909,0.141479099678
10000000062910,0.0
10000000062911,0.20845319761
10000000062912,0.192256341789
10000000062913,0.0
10000000062914,0.0
10000000062915,0.0
10000000062916,0.0
10000000062917,0.115370018975
10000000062918,0.20845319761
10000000062919,0.0
10000000062920,0.121212121212
10000000062921,0.159732766474
10000000062922,0.156028368794
10000000062923,0.0
10000000062924,0.0
10000000062925,0.0
10000000062926,0.0
10000000062927,0.0
10000000062928,0.0
10000000062929,0.0
10000000062931,0.0
10000000062932,0.0
10000000062933,0.0
10000000062934,0.0
10000000062935,0.365788468881
10000000062936,0.400801603206
10000000062937,0.400801603206
10000000062938,0.295992714026
10000000062939,0.374804381847
10000000062940,0.266950959488
10000000062941,0.431659948699
10000000062942,0.0
10000000062943,0.41528034504
10000000062944,0.0
10000000062945,0.0
10000000062946,0.0
10000000062947,0.0
10000000062948,0.0
10000000062949,0.0
10000000062950,0.0
10000000062951,0.0
10000000062952,0.0
10000000062953,0.0
10000000062954,0.0
10000000062955,0.0
10000000062956,0.0
10000000062957,0.0
10000000062958,0.0
10000000062959,0.0
10000000062960,0.0
10000000062961,0.0
10000000062962,0.0
10000000062963,0.0
10000000062964,0.0
10000000062965,0.0
10000000062966,0.0
10000000062967,0.0
10000000062968,0.0
10000000062969,0.0
10000000062970,0.0
10000000062971,0.0
10000000062972,0.0
10000000062973,0.121804511278
10000000062974,0.215962441315
10000000062975,0.0
10000000062976,0.158657011192
10000000062977,0.0
10000000062978,0.144023217849
10000000062979,0.0
10000000062980,0.0
10000000062981,0.0
10000000062982,0.103448275862
10000000062983,0.110659360085
10000000062984,0.159031979257
10000000062985,0.0
10000000062986,0.0
10000000062987,0.0
10000000062988,0.0
10000000062989,0.120888888889
10000000062990,0.0
10000000062991,0.0
10000000062992,0.0834868017188
10000000062993,0.114030478192
10000000062994,0.0
10000000062995,0.0
10000000062996,0.213389585878
10000000062997,0.165913043478
10000000062998,0.129886914378
10000000062999,0.17679558011
10000000063000,0.136289242672
10000000063001,0.162127929069
10000000063002,0.0900562851782
10000000063003,0.229673863114
10000000063004,0.30447761194
10000000063005,0.196606944665
10000000063006,0.114695340502
10000000063007,0.187997777366
10000000063008,0.0940988835726
10000000063009,0.116140559857
10000000063010,0.20502901354
10000000063011,0.191853360489
10000000063012,0.0561507203546
10000000063013,0.138803837518
10000000063014,0.159532340185
10000000063015,0.123858238948
10000000063016,0.159372026641
10000000063017,0.0
10000000063018,0.112239246816
10000000063019,0.0
10000000063020,0.0
10000000063021,0.197361993161
10000000063022,0.114424832623
10000000063023,0.0845814977974
10000000063024,0.0
10000000063025,0.0
10000000063026,0.0780757097792
10000000063027,0.0
10000000063028,0.170738114001
10000000063029,0.194371330229
10000000063030,0.0
10000000063031,0.096231884058
10000000063032,0.20226785167
10000000063033,0.196545562835
10000000063034,0.181476665222
10000000063035,0.185414821376
10000000063036,0.0203045685279
10000000063037,0.0
10000000063038,0.131504638967
10000000063039,0.252602359473
10000000063040,0.0
10000000063041,0.124037460978
10000000063042,0.0
10000000063043,0.0
10000000063044,0.127139364303
10000000063045,0.142465753425
10000000063046,0.0
10000000063047,0.165406427221
10000000046007,0.26258416159
10000000063058,0.0
10000000063059,0.037843627276
10000000063060,0.0992767915845
10000000063061,0.109368376431
10000000063062,0.0950495049505
10000000063063,0.0
10000000063064,0.060874885286
10000000063065,0.059375
10000000063066,0.0754966887417
10000000063067,0.103188821211
10000000063068,0.0
10000000063069,0.0
10000000063070,0.0
10000000063071,0.113152628707
10000000063072,0.16742081448
10000000063073,0.155445097153
10000000063074,0.0
10000000063075,0.0
10000000063076,0.0660173160173
10000000063077,0.0234375
10000000063078,0.200385356455
10000000063079,0.0622164614388
10000000063080,0.0
10000000063081,0.0
10000000063082,0.0430247718383
10000000063083,0.166910688141
10000000063084,0.163675520459
10000000063085,0.23271950894
10000000063086,0.257467395877
10000000063087,0.272829763247
10000000063088,0.188848920863
10000000065128,0.159736517085
10000000063090,0.22833202409
10000000063091,0.216264521895
10000000063092,0.216247808299
10000000063093,0.177033492823
10000000063094,0.214348981399
10000000063095,0.230242688239
10000000063096,0.0
10000000063097,0.183168316832
10000000063098,0.133676092545
10000000063099,0.0
10000000063100,0.0
10000000063101,0.132203389831
10000000063102,0.191321499014
10000000063103,0.0
10000000063104,0.19246031746
10000000063105,0.119369369369
10000000063106,0.0
10000000063107,0.135593220339
10000000063108,0.28912071535
10000000063109,0.295281582953
10000000063110,0.0
10000000063111,0.0728073145953
10000000063112,0.172934131737
10000000063113,0.133050847458
10000000063114,0.0883116883117
10000000063115,0.0
10000000063116,0.110991213196
10000000063117,0.0
10000000063118,0.072011878248
10000000073325,0.140702500253
10000000063120,0.0726392251816
10000000046019,0.162011173184
10000000073326,0.155836687752
10000000073327,0.0
10000000054945,0.161394971614
10000000054946,0.0584940883634
10000000150317,0.0472744814279
10000000073329,0.142857142857
10000000073330,0.109707064905
10000000073331,0.208525345622
10000000046025,0.0
10000000073332,0.162292051756
10000000073333,0.157383419689
10000000150318,0.0
10000000073334,0.130342784596
10000000046031,0.0354178195905
10000000150319,0.0472744814279
10000000046037,0.0
10000000046038,0.13786112519
10000000046039,0.0
10000000046043,0.0
10000000046049,0.0
10000000046055,0.285451055662
10000000055173,0.166387204953
10000000055174,0.0
10000000055175,0.0
10000000055176,0.0
10000000055177,0.188529993408
10000000055178,0.141164348274
10000000055179,0.0
10000000055180,0.087956021989
10000000055181,0.0
10000000055182,0.0315142198309
10000000055183,0.0874479476502
10000000055184,0.165371024735
10000000089223,0.460055096419
10000000046073,0.0
10000000073394,0.133622949592
10000000073395,0.191328671329
10000000073396,0.139240506329
10000000073397,0.0
10000000073398,0.135593220339
10000000073399,0.0
10000000073400,0.064953271028
10000000073401,0.125341745531
10000000073402,0.170431211499
10000000073403,0.0
10000000073404,0.0805934242181
10000000073405,0.184531059683
10000000073406,0.0
10000000073407,0.194824961948
10000000073408,0.182152038193
10000000073409,0.0
10000000073410,0.0
10000000073411,0.0
10000000073413,0.0
10000000033912,0.191772347665
10000000121101,0.0
10000000121102,0.0
10000000121103,0.0
10000000121104,0.0
10000000121105,0.0
10000000121106,0.0
10000000121107,0.0
10000000121108,0.0
10000000121109,0.0
10000000121110,0.0
10000000121111,0.0
10000000155354,0.0
10000000155355,0.0
10000000155356,0.0
10000000155357,0.0
10000000155358,0.0
10000000155359,0.0
10000000155360,0.0
10000000155361,0.0
10000000155362,0.0
10000000129421,0.0
10000000155363,0.0
10000000155364,0.0
10000000155365,0.0
10000000073446,0.148068669528
10000000129425,0.0
10000000073447,0.160914179104
10000000073448,0.0
10000000129427,0.0
10000000073449,0.0324074074074
10000000078911,0.0
10000000073450,0.206734534064
10000000078912,0.0
10000000073451,0.0
10000000078913,0.0
10000000073452,0.0686586141132
10000000129420,0.06288708909
10000000078914,0.0
10000000129422,0.0
10000000129423,0.0
10000000129424,0.0500217485863
10000000033591,0.158954139863
10000000129426,0.0
10000000033859,0.351388888889
10000000129428,0.0
10000000129429,0.0
10000000033860,0.322187723907
10000000073455,0.0
10000000078917,0.0
10000000078919,0.0
10000000033592,0.183275447502
10000000033595,0.0
10000000078937,0.127795527157
10000000078938,0.164465274819
10000000078939,0.0
10000000078943,0.194486983155
10000000047717,0.113301860594
10000000047718,0.0
10000000047719,0.0
10000000047720,0.0
10000000047721,0.0
10000000047722,0.160483175151
10000000047723,0.0
10000000047724,0.0
10000000047725,0.0876474837467
10000000047726,0.0
10000000047727,0.147549530761
10000000033901,0.265863211811
10000000033902,0.230697326603
10000000033903,0.285450468276
10000000042096,0.241969479808
10000000033905,0.272670678564
10000000042098,0.175061932287
10000000042099,0.209455162179
10000000042100,0.266491494952
10000000042101,0.283430474604
10000000042102,0.288307758807
10000000132215,0.0
10000000056012,0.197021352952
10000000056013,0.150600454398
10000000056014,0.125683060109
10000000056015,0.0
10000000056016,0.24161350072
10000000132216,0.0
10000000056018,0.141789684709
10000000056019,0.0
10000000056020,0.136559139785
10000000056021,0.0
10000000056022,0.248045295228
10000000042105,0.0
10000000033914,0.265871121718
10000000033915,0.246054938632
10000000033916,0.276201733649
10000000041786,0.414099931554
10000000074287,0.0
10000000033917,0.280183727034
10000000033918,0.131623518026
10000000033919,0.236307015937
10000000033920,0.236307015937
10000000033921,0.312431842966
10000000033922,0.277505144847
10000000033923,0.111984659636
10000000033924,0.20626349892
10000000033925,0.222821397757
10000000033926,0.235173404474
10000000041788,0.437032777458
10000000033927,0.267728731054
10000000042120,0.2342960514
10000000042121,0.230396609143
10000000033930,0.233146067416
10000000033931,0.243644429278
10000000041789,0.0
10000000033932,0.0
10000000033933,0.2600584934
10000000033934,0.251380947766
10000000033935,0.242121577407
10000000033936,0.234800270819
10000000042129,0.420113946
10000000033334,0.288242424242
10000000033938,0.258608735845
10000000033939,0.182025894897
10000000033940,0.0
10000000033941,0.176253298153
10000000033942,0.202669902913
10000000033335,0.226529555375
10000000033943,0.169549330085
10000000033944,0.224375917768
10000000033945,0.268002672011
10000000033946,0.230711158085
10000000033947,0.239811384304
10000000033336,0.29858891401
10000000033948,0.0
10000000033949,0.230780848814
10000000033341,0.317407200843
10000000083127,0.0
10000000083128,0.0
10000000083129,0.0
10000000033342,0.238541318167
10000000083130,0.0
10000000083131,0.0
10000000083132,0.0
10000000083133,0.0
10000000083135,0.0
10000000089215,0.232309746328
10000000089216,0.186584107327
10000000033984,0.351960147282
10000000089218,0.238145416228
10000000089219,0.365853658537
10000000089220,0.174535050072
10000000089221,0.37485800833
10000000089222,0.452868852459
10000000083137,0.0
10000000089224,0.366666666667
10000000089225,0.366214549938
10000000089226,0.352522255193
10000000089227,0.340109712811
10000000083138,0.0
10000000083139,0.0
10000000083140,0.0
10000000083142,0.0
10000000083143,0.0
10000000083145,0.0
10000000083146,0.0
10000000083148,0.0
10000000083149,0.0
10000000083151,0.0
10000000083152,0.0
10000000083153,0.0
10000000083154,0.0
10000000083155,0.0
10000000083156,0.0
10000000083157,0.0
10000000083158,0.0
10000000083159,0.0
10000000083160,0.0
10000000083161,0.0
10000000083162,0.0
10000000083163,0.0
10000000083164,0.0
10000000064811,0.146248085758
10000000064812,0.0822550831793
10000000064813,0.0
10000000064814,0.0
10000000064816,0.0
10000000064817,0.0
10000000064818,0.0
10000000064819,0.0
10000000064820,0.216216216216
10000000083166,0.0
10000000064822,0.21626984127
10000000083167,0.0
10000000057226,0.0
10000000083168,0.0
10000000057227,0.147432638536
10000000083169,0.0
10000000057228,0.0
10000000057229,0.295790671217
10000000064849,0.164393144456
10000000064850,0.191365227538
10000000083171,0.0
10000000064852,0.0
10000000064853,0.0
10000000064854,0.230263157895
10000000064855,0.0
10000000064856,0.252371916509
10000000083172,0.0
10000000064858,0.171834625323
10000000064859,0.117496807152
10000000083173,0.0
10000000064873,0.361719718892
10000000064874,0.336254809748
10000000064875,0.335968927729
10000000064876,0.326619864196
10000000064877,0.403590944575
10000000064878,0.285714285714
10000000064879,0.424567680382
10000000064880,0.285218731933
10000000064881,0.355799532378
10000000130648,0.0
10000000041810,0.317531021317
10000000073453,0.0
10000000041811,0.290877295249
10000000073454,0.0
10000000041813,0.403687530325
10000000073264,0.0
10000000073265,0.0
10000000073266,0.0
10000000073267,0.0
10000000073268,0.0
10000000073269,0.0
10000000073270,0.0
10000000073271,0.0
10000000073272,0.0
10000000073273,0.0
10000000073274,0.0
10000000073275,0.0
10000000073276,0.0
10000000073277,0.0
10000000073278,0.0
10000000073279,0.0
10000000073280,0.0
10000000073281,0.0
10000000073282,0.0
10000000073283,0.0
10000000073284,0.0
10000000073285,0.0
10000000073286,0.0
10000000073287,0.0
10000000073288,0.0
10000000073289,0.0
10000000073290,0.0
10000000073291,0.0
10000000073292,0.0
10000000073293,0.0
10000000073294,0.0
10000000073295,0.0
10000000073296,0.0
10000000073297,0.0
10000000073298,0.0
10000000073299,0.0
10000000073300,0.0
10000000073301,0.0
10000000130646,0.0
10000000073303,0.177558039553
10000000073304,0.118689105403
10000000073305,0.0
10000000073306,0.189567925263
10000000073307,0.162045454545
10000000073308,0.197037990985
10000000073309,0.162668872346
10000000073310,0.162355531095
10000000073311,0.19921875
10000000073312,0.108239095315
10000000073313,0.180228979441
10000000073314,0.170030744553
10000000073315,0.129493464052
10000000073316,0.14118221788
10000000073317,0.0694896851249
10000000073318,0.0
10000000073319,0.228761271951
10000000073320,0.0867796610169
10000000065129,0.175106659247
10000000065130,0.235559858019
10000000065131,0.23249669749
10000000065132,0.241509433962
10000000065133,0.143205858421
10000000065134,0.325131810193
10000000065135,0.352521650535
10000000065136,0.167395377889
10000000065137,0.0
10000000065138,0.248111332008
10000000065139,0.172011230974
10000000065140,0.0555380246134
10000000065141,0.101790763431
10000000065142,0.14055636896
10000000065143,0.140926213162
10000000065144,0.0828300258844
10000000065145,0.145766345123
10000000065146,0.150013322675
10000000065147,0.177848101266
10000000065148,0.0
10000000065149,0.0
10000000078915,0.0
10000000074278,0.0
10000000041817,0.368334022323
10000000078916,0.0
10000000041818,0.433785192909
10000000089774,0.0
10000000089775,0.0
10000000089776,0.241007194245
10000000089777,0.0
10000000089778,0.275720164609
10000000089780,0.244791666667
10000000089781,0.0
10000000089782,0.0
10000000089783,0.275720164609
10000000089784,0.167776298269
10000000089785,0.0
10000000089786,0.174528301887
10000000089787,0.0
10000000089788,0.0
10000000089789,0.0
10000000089790,0.0
10000000089791,0.0
10000000089792,0.0
10000000089793,0.0
10000000089794,0.0
10000000089795,0.0
10000000089796,0.0
10000000089797,0.0
10000000073415,0.0
10000000073416,0.0
10000000073417,0.0
10000000073419,0.117344312918
10000000073420,0.158109209454
10000000073421,0.113010446344
10000000073422,0.0
10000000073423,0.129310344828
10000000073424,0.199794026777
10000000073425,0.121753246753
10000000073426,0.142314990512
10000000073427,0.0946428571429
10000000073428,0.143250688705
10000000073429,0.201211734694
10000000073430,0.130952380952
10000000073431,0.143068157839
10000000073432,0.223262032086
10000000073433,0.13104013104
10000000073434,0.22921108742
10000000073435,0.225288159273
10000000073436,0.0
10000000073437,0.183274352766
10000000073438,0.120240480962
10000000073439,0.418181818182
10000000073440,0.280241935484
10000000073441,0.259401381427
10000000073442,0.0
10000000073443,0.105263157895
10000000073444,0.246884960881
10000000073445,0.164747564216
10000000073456,0.065138721351
10000000073457,0.0
10000000041821,0.347597597598
10000000033911,0.247381726255
10000000155428,0.0
10000000155429,0.0
10000000155446,0.0
10000000155447,0.0
10000000155449,0.0
10000000155452,0.0
10000000155459,0.0
10000000155460,0.0
10000000155461,0.0
10000000155462,0.0
10000000155463,0.0
10000000155464,0.0
10000000155466,0.0
10000000155467,0.0
10000000155469,0.0
10000000155471,0.0
10000000155472,0.0
10000000155529,0.0
10000000155531,0.0
10000000155532,0.0
10000000155533,0.0
10000000155534,0.0
10000000155535,0.0
10000000155536,0.0
10000000155537,0.0
10000000155538,0.0
10000000155539,0.0
10000000155540,0.0
10000000155541,0.0
10000000155543,0.0
10000000155546,0.0
10000000155547,0.0
10000000155549,0.0
10000000155557,0.0
10000000155561,0.0
10000000155562,0.0
10000000155564,0.0
10000000155565,0.0
10000000074288,0.0
10000000041827,0.431729518856
10000000041828,0.326596604689
